﻿<grammar version="1.0" xml:lang="en-US" root="rootRule"
 xmlns="http://www.w3.org/2001/06/grammar">

  <rule id="direction">
    <one-of>
      <item>right</item>
      <item>left</item>
    </one-of>
  </rule>
  
  <rule id="piece">
    <one-of>
      <item>king</item>
      <item>queen</item>
      <item>rook</item>
      <item>bishop</item>
      <item>knight</item>
      <item>pawn</item>
    </one-of>
  </rule>
  
  <rule id="baseLocation">
    <one-of>
      <item>A</item>
      <item>B</item>
      <item>C</item>
      <item>F</item>
      <item>H</item>
      <item>I</item>
      <item>J</item>
      <item>K</item>
    </one-of>
  </rule>

  <rule id="extendedLocation">
    <one-of>
      <item>one</item>
      <item>two</item>
      <item>three</item>
      <item>four</item>
      <item>five</item>
      <item>six</item>
      <item>seven</item>
      <item>eight</item>
    </one-of>
  </rule>
  
  <rule id="space">
    <item> <ruleref uri="#baseLocation"/> </item>
    <item> <ruleref uri="#extendedLocation"/> </item>
  </rule>
    
  
  <rule id="rootRule">
    <example> rotate left </example>
    <example> move king from A one to A two</example>

    <one-of>
      <item> rotate <ruleref uri="#direction"/> </item>
      <item> show all moves </item>
      <item> move <ruleref uri="#piece"/> from <ruleref uri="#space"/> to <ruleref uri="#space"/> </item>
      <item> yes </item>
      <item> no </item>
    </one-of>
  </rule>
  


</grammar>