﻿{"cameraMode":{"drawMode":0,"name":"Shaded","section":"Shading Mode"},"sceneLighting":true,"audioPlay":false,"sceneViewState":{"showFog":true,"showMaterialUpdate":false,"showSkybox":true,"showFlares":true,"showImageEffects":true,"showParticleSystems":true},"in2DMode":false,"pivot":{"x":44.40018844604492,"y":22.762996673583986,"z":79.06135559082031},"rotation":{"x":0.11539745330810547,"y":-0.8775916695594788,"z":0.26457199454307558,"w":0.38277682662010195},"size":74.4218521118164,"orthographic":false}